伊利,牛奶,金领冠珍护/厅,800,1,/image/奶粉/伊利/金领冠珍护听1段.jpg
伊利,牛奶,金领冠珍护/厅,800,2,/image/奶粉/伊利/金领冠珍护听2段.jpg
伊利,牛奶,金领冠珍护/厅,800,3,/image/奶粉/伊利/金领冠珍护听3段.jpg
伊利,牛奶,金领冠/厅,400,4,/image/奶粉/伊利/金领冠珍护听4段.jpg
伊利,牛奶,金领冠/厅,900,1,/image/奶粉/伊利/金领冠听1段.jpg
伊利,牛奶,金领冠/厅,900,2,/image/奶粉/伊利/金领冠听2段.jpg
伊利,牛奶,金领冠/厅,900,3,/image/奶粉/伊利/金领冠听3段.jpg
伊利,牛奶,金领冠/盒,400,1,/image/奶粉/伊利/金领冠盒1段.jpg
伊利,牛奶,金领冠/盒,400,2,/image/奶粉/伊利/金领冠盒2段.jpg
伊利,牛奶,金领冠/盒,400,3,/image/奶粉/伊利/金领冠盒3段.jpg
伊利,牛奶,金装/厅,900,1,/image/奶粉/伊利/听1段.jpg
伊利,牛奶,金装/厅,900,2,/image/奶粉/伊利/听2段.jpg
伊利,牛奶,金装/厅,900,3,/image/奶粉/伊利/听3段.jpg
伊利,牛奶,金装/厅,900,4,/image/奶粉/伊利/听4段.jpg
施恩,牛奶,金装/盒,400,1,/image/奶粉/施恩/金装盒1段.jpg
施恩,牛奶,金装/盒,400,2,/image/奶粉/施恩/金装盒2段.jpg
施恩,牛奶,金装/盒,400,3,/image/奶粉/施恩/金装盒3段.jpg
施恩,牛奶,金装/袋,400,1,/image/奶粉/施恩/袋1段.jpg
施恩,牛奶,金装/袋,400,2,/image/奶粉/施恩/袋2段.jpg
施恩,牛奶,金装/袋,400,3,/image/奶粉/施恩/袋3段.jpg
施恩,牛奶,金装/厅,900,1,/image/奶粉/施恩/听1段.jpg
施恩,牛奶,金装/厅,900,2,/image/奶粉/施恩/听2段.jpg
施恩,牛奶,金装/厅,900,3,/image/奶粉/施恩/听3段.jpg
施恩,牛奶,标准装/袋,700,1,/image/奶粉/施恩/核苷酸袋1段.jpg
施恩,牛奶,标准装/袋,700,2,/image/奶粉/施恩/核苷酸袋2段.jpg
施恩,牛奶,标准装/袋,700,3,/image/奶粉/施恩/核苷酸袋3段.jpg
施恩,牛奶,益生元,700,4,/image/奶粉/施恩/益生元袋4段.jpg
施恩,牛奶,标准装/厅,900,1,/image/奶粉/施恩/900克盒1段.jpg
施恩,牛奶,标准装/厅,900,2,/image/奶粉/施恩/900克盒2段.jpg
施恩,牛奶,标准装/厅,900,3,/image/奶粉/施恩/900克盒3段.jpg
施恩,牛奶,益生元/厅,900,4,/image/奶粉/施恩/益生元听3段.jpg
施恩,牛奶,金装妈妈奶/厅,900,,/image/奶粉/施恩/妈妈奶.jpg
施恩,牛奶,金装妈妈奶/盒,400,,/image/奶粉/施恩/妈妈奶.jpg
施恩,牛奶,厅,900,,/image/奶粉/施恩/益生元听妈妈奶.jpg
施恩,牛奶,袋,400,,/image/奶粉/施恩/益生元袋妈妈奶.jpg
飞鹤,牛奶,飞帆/厅,900,1,/image/奶粉/飞鹤/9b827093234416ab5aa3ae224f68c618.jpg
飞鹤,牛奶,飞帆/厅,900,2,/image/奶粉/飞鹤/f6c116e5070c5fcd5caaca6fac423e3b.jpg
飞鹤,牛奶,飞帆/厅,900,3,/image/奶粉/飞鹤/2b7a4e95e754314ad4eab730ba776085.jpg
飞鹤,牛奶,飞帆/盒,400,1,/image/奶粉/飞鹤/飞帆盒1.jpg
飞鹤,牛奶,飞帆/盒,400,2,/image/奶粉/飞鹤/飞帆盒2.jpg
飞鹤,牛奶,飞帆/盒,400,3,/image/奶粉/飞鹤/飞帆盒3.jpg
飞鹤,牛奶,飞帆/盒,400,4,/image/奶粉/飞鹤/飞帆盒4.jpg
飞鹤,牛奶,飞悦/厅,900,1,/image/奶粉/飞鹤/飞悦听1.jpg
飞鹤,牛奶,飞悦/厅,900,2,/image/奶粉/飞鹤/飞悦听2.jpg
飞鹤,牛奶,飞悦/厅,900,3,/image/奶粉/飞鹤/飞悦听3.jpg
飞鹤,牛奶,飞悦/盒,400,1,/image/奶粉/飞鹤/飞悦盒1.jpg
飞鹤,牛奶,飞悦/盒,400,2,/image/奶粉/飞鹤/飞悦盒2.jpg
飞鹤,牛奶,飞悦/盒,400,3,/image/奶粉/飞鹤/飞悦盒3.jpg
飞鹤,牛奶,飞悦/盒,400,4,/image/奶粉/飞鹤/飞悦盒4.jpg
飞鹤,牛奶,超级飞帆/厅,900,1,/image/奶粉/飞鹤/超级飞帆听1.jpg
飞鹤,牛奶,超级飞帆/厅,900,2,/image/奶粉/飞鹤/超级飞帆听2.jpg
飞鹤,牛奶,超级飞帆/厅,900,3,/image/奶粉/飞鹤/超级飞帆听3.jpg
飞鹤,牛奶,超级飞帆/盒,400,1,/image/奶粉/飞鹤/超级飞帆盒1a.jpg
飞鹤,牛奶,超级飞帆/盒,400,2,/image/奶粉/飞鹤/超级飞帆盒2a.jpg
飞鹤,牛奶,超级飞帆/盒,400,3,/image/奶粉/飞鹤/超级飞帆盒3a.jpg
飞鹤,牛奶,母爱时光/厅,900,1,/image/奶粉/飞鹤/母爱时光听1.jpg
飞鹤,牛奶,母爱时光/厅,900,2,/image/奶粉/飞鹤/母爱时光听2.jpg
飞鹤,牛奶,母爱时光/厅,900,3,/image/奶粉/飞鹤/母爱时光听3.jpg
飞鹤,牛奶,母爱时光/盒,400,1,/image/奶粉/飞鹤/a98a8f1747d64eb5ae61c4a2bcad3559.jpg
飞鹤,牛奶,母爱时光/盒,400,2,/image/奶粉/飞鹤/65af795025978756306ecb3c0284f89e.jpg
飞鹤,牛奶,母爱时光/盒,400,3,/image/奶粉/飞鹤/T_]1G5337O05D}I60$GV5M6.jpg
飞鹤,牛奶,飞帆/厅,900,,/image/奶粉/飞鹤/飞帆听3.jpg
飞鹤,牛奶,学生高钙奶/盒,400,,/image/奶粉/飞鹤/799ef012a6f5afe19c0a223633da2e34.jpg
飞鹤,牛奶,中老年高钙奶粉/袋,400,,/image/奶粉/飞鹤/f4c517f107891e8a7d4d571b33917bd8.jpg
飞鹤,牛奶,幼儿配方奶粉/核苷酸 3力合1,400,,/image/奶粉/飞鹤/e59dc29e00875d870d39b0824f3b6b0d.jpg
飞鹤,牛奶,飞帆孕产妇,900,,/image/奶粉/飞鹤/5aa3e56f881cac280d0a3d70eac7556f.jpg
飞鹤,牛奶,飞帆孕产妇,400,,/image/奶粉/飞鹤/b670d124ccef6f7407a969114632c1b3.jpg
飞鹤,牛奶,贝迪奇/厅,900,1,/image/奶粉/飞鹤/贝迪奇听1.jpg
飞鹤,牛奶,贝迪奇/厅,900,2,/image/奶粉/飞鹤/贝迪奇听2.jpg
飞鹤,牛奶,贝迪奇/厅,900,3,/image/奶粉/飞鹤/贝迪奇听3.jpg
飞鹤,牛奶,贝迪奇/盒,400,1,/image/奶粉/飞鹤/cb0f2a4474199bb29f988e00e04fc732.jpg
飞鹤,牛奶,贝迪奇/盒,400,2,/image/奶粉/飞鹤/de01fca1718127d91dfe674e036ce7e4.jpg
飞鹤,牛奶,贝迪奇/盒,400,3,/image/奶粉/飞鹤/7FTW7[2YKH754{[7RGFCT2D.jpg
飞鹤,牛奶,星飞帆/厅,700,1,/image/奶粉/飞鹤/星飞帆听1.jpg
飞鹤,牛奶,星飞帆/厅,700,2,/image/奶粉/飞鹤/星飞帆听2.jpg
飞鹤,牛奶,星飞帆/厅,700,3,/image/奶粉/飞鹤/星飞帆听3.jpg
贝因美,牛奶,金装爱+准妈咪,405,,/image/奶粉/贝因美/贝因美爱+妈妈奶盒.jpg
贝因美,牛奶,爱+/厅,750,1,/image/奶粉/贝因美/贝因美750克听1段.jpg
贝因美,牛奶,爱+/厅,750,2,/image/奶粉/贝因美/贝因美750克听2段.jpg
贝因美,牛奶,爱+/厅,750,3,/image/奶粉/贝因美/贝因美750克听3段.jpg
贝因美,牛奶,爱+/厅,750,4,/image/奶粉/贝因美/贝因美750克听4段.jpg
贝因美,牛奶,爱+/盒,405,1,/image/奶粉/贝因美/贝因美新生儿盒1段.jpg
贝因美,牛奶,爱+/盒,405,2,/image/奶粉/贝因美/贝因美婴幼儿 盒2段.jpg
贝因美,牛奶,爱+/盒,405,3,/image/奶粉/贝因美/贝因美爱+妈妈奶盒.jpg
贝因美,牛奶,爱+/盒,405,4,/image/奶粉/贝因美/贝因美幼儿盒4段.jpg
贝因美,牛奶,爱+/厅,900,1,/image/奶粉/贝因美/贝因美听1段.jpg
贝因美,牛奶,爱+/厅,900,2,/image/奶粉/贝因美/贝因美听2段.jpg
贝因美,牛奶,爱+/厅,900,3,/image/奶粉/贝因美/贝因美听3段.jpg
贝因美,牛奶,爱+/厅,900,4,/image/奶粉/贝因美/贝因美听4段.jpg
贝因美,牛奶,爱+/厅,1000,1,/image/奶粉/贝因美/贝因美婴幼儿听1段.jpg
贝因美,牛奶,爱+/厅,1000,2,/image/奶粉/贝因美/贝因美婴幼儿听2段.jpg
贝因美,牛奶,爱+/厅,1000,3,/image/奶粉/贝因美/贝因美婴幼儿听3段.jpg
贝因美,牛奶,爱+/厅,1000,4,/image/奶粉/贝因美/贝因美婴幼儿听4段.jpg
贝因美,牛奶,冠军宝贝孕妈咪配方奶粉,405,,/image/奶粉/贝因美/贝因美孕妇奶.jpg
贝因美,牛奶,冠军宝贝/厅,900,1,/image/奶粉/贝因美/贝因美初生婴儿听1段.jpg
贝因美,牛奶,冠军宝贝/厅,900,2,/image/奶粉/贝因美/贝因美初生婴儿听2段.jpg
贝因美,牛奶,冠军宝贝/厅,900,3,/image/奶粉/贝因美/贝因美初生婴儿听3段.jpg
贝因美,牛奶,冠军宝贝/厅,900,4,/image/奶粉/贝因美/贝因美初生婴儿听4段.jpg
贝因美,牛奶,冠军宝贝/盒,405,1,/image/奶粉/贝因美/贝因美健儿成长盒1段.jpg
贝因美,牛奶,冠军宝贝/盒,405,2,/image/奶粉/贝因美/贝因美健儿成长盒2段.jpg
贝因美,牛奶,冠军宝贝/盒,405,3,/image/奶粉/贝因美/贝因美健儿成长盒3段.jpg
贝因美,牛奶,冠军宝贝/盒,405,4,/image/奶粉/贝因美/贝因美健儿成长盒4段.jpg
圣元,牛奶,进口优博,900,1,/image/奶粉/圣元/进口优博听1.jpg
圣元,牛奶,进口优博,900,2,/image/奶粉/圣元/进口优博听2.jpg
圣元,牛奶,优聪金D100,900,,/image/奶粉/圣元/金D听3.jpg
圣元,牛奶,优博剖腹A+I,400,1,/image/奶粉/圣元/剖腹产听0.jpg
圣元,牛奶,优博/剖腹产,900,,/image/奶粉/圣元/剖腹产听1.jpg
圣元,牛奶,优博/爱系列/厅,900,1,/image/奶粉/圣元/优博爱听1.jpg
圣元,牛奶,优博/爱系列/厅,900,2,/image/奶粉/圣元/优博爱听2.jpg
圣元,牛奶,优博/爱系列/厅,900,3,/image/奶粉/圣元/优博爱听3.jpg
圣元,牛奶,优博/爱系列/袋,400,1,/image/奶粉/圣元/优博袋1.jpg
圣元,牛奶,优博/爱系列/袋,400,2,/image/奶粉/圣元/优博袋2.jpg
圣元,牛奶,优博/爱系列/袋,400,3,/image/奶粉/圣元/优博袋3.jpg
圣元,牛奶,优博/盒,200,0,/image/奶粉/圣元/优博小盒0.jpg
圣元,牛奶,优博/盒,400,0,/image/奶粉/圣元/优博盒0.jpg
圣元,牛奶,优博/盒,400,1,/image/奶粉/圣元/优博盒1.jpg
圣元,牛奶,优博/盒,400,2,/image/奶粉/圣元/优博盒2.jpg
圣元,牛奶,优博/盒,400,3,/image/奶粉/圣元/优博盒3.jpg
圣元,牛奶,优博/盒,400,4,/image/奶粉/圣元/优博盒4.jpg
圣元,牛奶,优博/厅,900,0,/image/奶粉/圣元/优博听0.jpg
圣元,牛奶,优博/厅,900,1,/image/奶粉/圣元/优博听1.jpg
圣元,牛奶,优博/厅,900,2,/image/奶粉/圣元/优博听2.jpg
圣元,牛奶,优博/厅,900,3,/image/奶粉/圣元/优博听3.jpg
圣元,牛奶,优博/厅,900,4,/image/奶粉/圣元/优博听4.jpg
圣元,牛奶,优聪/袋,400,0,/image/奶粉/圣元/优聪袋0.jpg
圣元,牛奶,优聪/盒,400,1,/image/奶粉/圣元/优聪盒1.jpg
圣元,牛奶,优聪/盒,400,2,/image/奶粉/圣元/优聪盒2.jpg
圣元,牛奶,优聪/盒,400,3,/image/奶粉/圣元/优聪盒3.jpg
圣元,牛奶,优聪/厅,900,0,/image/奶粉/圣元/优聪听0.jpg
圣元,牛奶,优聪/厅,900,1,/image/奶粉/圣元/优聪听1.jpg
圣元,牛奶,优聪/厅,900,2,/image/奶粉/圣元/优聪听2.jpg
圣元,牛奶,优聪/厅,900,3,/image/奶粉/圣元/优聪听3.jpg
圣元,牛奶,孕产妇,400,,/image/奶粉/圣元/剖腹产盒1.jpg
明一,牛奶,阿尔法盾/盒,400,1,/image/奶粉/阿尔法盾/盒1段.jpg
明一,牛奶,阿尔法盾/盒,400,2,/image/奶粉/阿尔法盾/盒2段.jpg
明一,牛奶,阿尔法盾/盒,400,3,/image/奶粉/阿尔法盾/盒3段.jpg
明一,牛奶,阿尔法盾/厅,900,1,/image/奶粉/阿尔法盾/听1段.jpg
明一,牛奶,阿尔法盾/厅,900,2,/image/奶粉/阿尔法盾/听2段.jpg
明一,牛奶,阿尔法盾/厅,900,3,/image/奶粉/阿尔法盾/听3段.jpg
明一,牛奶,金智婴/盒,400,1,/image/奶粉/金智婴/金智婴盒1段.jpg
明一,牛奶,金智婴/盒,400,2,/image/奶粉/金智婴/金智婴盒2段.jpg
明一,牛奶,金智婴/盒,400,3,/image/奶粉/金智婴/金智婴盒3段.jpg
明一,牛奶,金智婴/厅,900,1,/image/奶粉/金智婴/金智婴厅1段.jpg
明一,牛奶,金智婴/厅,900,2,/image/奶粉/金智婴/金智婴厅2段.jpg
明一,牛奶,金智婴/厅,900,3,/image/奶粉/金智婴/金智婴厅3段.jpg
明一,牛奶,天籁惠贝,900,1,/image/奶粉/天籁/天籁慧贝听1段.jpg
明一,牛奶,天籁惠贝,900,2,/image/奶粉/天籁/天籁慧贝听2段.jpg
明一,牛奶,天籁惠贝,900,3,/image/奶粉/天籁/天籁慧贝听3段.jpg
明一,牛奶,真棒/盒,400,1,/image/奶粉/真棒/真棒盒1段.jpg
明一,牛奶,真棒/盒,400,2,/image/奶粉/真棒/真棒盒2段.jpg
明一,牛奶,真棒/盒,400,3,/image/奶粉/真棒/真棒盒3段.jpg
明一,牛奶,真棒/厅,900,1,/image/奶粉/真棒/真棒听1段.jpg
明一,牛奶,真棒/厅,900,2,/image/奶粉/真棒/真棒听2段.jpg
明一,牛奶,真棒/厅,900,3,/image/奶粉/真棒/真棒听3段.jpg
澳优,牛奶,能力多,800,1,/image/奶粉/澳优/1-100天_听1段.jpg
澳优,牛奶,能力多,800,2,/image/奶粉/澳优/100-180天_听2段.jpg
澳优,牛奶,能力多,800,3,/image/奶粉/澳优/180-360天_听3段.jpg
澳优,牛奶,能力多,800,4,/image/奶粉/澳优/360天_听4段.jpg
澳优,牛奶,爱优/盒,400,1,/image/奶粉/澳优/盒1段.jpg
澳优,牛奶,爱优/盒,400,2,/image/奶粉/澳优/盒2段.jpg
澳优,牛奶,爱优/盒,400,3,/image/奶粉/澳优/盒3段.jpg
澳优,牛奶,金装/厅,800,1,/image/奶粉/澳优/听1段.jpg
澳优,牛奶,金装/厅,800,2,/image/奶粉/澳优/听2段.jpg
澳优,牛奶,金装/厅,800,3,/image/奶粉/澳优/听3段.jpg
澳优,牛奶,金装/盒,400,1,/image/奶粉/澳优/金装盒1段.jpg
澳优,牛奶,金装/盒,400,2,/image/奶粉/澳优/金装盒2段.jpg
澳优,牛奶,金装/盒,400,3,/image/奶粉/澳优/金装盒3段.jpg
澳优,牛奶,有机/厅,800,1,/image/奶粉/澳优/有机听1段 .jpg
澳优,牛奶,有机/厅,800,2,/image/奶粉/澳优/有机听2段 .jpg
澳优,牛奶,有机/厅,800,3,/image/奶粉/澳优/有机听3段 .jpg
太子乐,牛奶,100/盒,400,1,/image/奶粉/太子乐/100盒1段.jpg
太子乐,牛奶,100/盒,400,2,/image/奶粉/太子乐/100盒2段.jpg
太子乐,牛奶,100/盒,400,3,/image/奶粉/太子乐/100盒3段.jpg
太子乐,牛奶,100/厅,900,1,/image/奶粉/太子乐/100听1段.jpg
太子乐,牛奶,100/厅,900,2,/image/奶粉/太子乐/100听2段.jpg
太子乐,牛奶,100/厅,900,3,/image/奶粉/太子乐/100听3段.jpg
太子乐,牛奶,a,150,1,/image/奶粉/太子乐/150克清听1段.jpg
太子乐,牛奶,a,150,2,/image/奶粉/太子乐/150克清听2段.jpg
太子乐,牛奶,a,150,3,/image/奶粉/太子乐/150克清听3段.jpg
太子乐,牛奶,a,900,1,/image/奶粉/太子乐/a听1段.jpg
太子乐,牛奶,a,900,2,/image/奶粉/太子乐/a听2段.jpg
太子乐,牛奶,a,900,3,/image/奶粉/太子乐/a听3段.jpg
太子乐,牛奶,FOS,900,1,/image/奶粉/太子乐/FOS1段.jpg
太子乐,牛奶,FOS,900,2,/image/奶粉/太子乐/FOS2段.jpg
太子乐,牛奶,FOS,900,3,/image/奶粉/太子乐/FOS3段.jpg
太子乐,牛奶,DHA,900,1,/image/奶粉/太子乐/DHA听1段.jpg
太子乐,牛奶,DHA,900,2,/image/奶粉/太子乐/DHA听2段.jpg
太子乐,牛奶,DHA,900,3,/image/奶粉/太子乐/DHA听3段.jpg
太子乐,牛奶,金装铁乳蛋白,900,1,/image/奶粉/太子乐/金装铁听1段.jpg
太子乐,牛奶,金装铁乳蛋白,900,2,/image/奶粉/太子乐/金装铁听2段.jpg
太子乐,牛奶,金装铁乳蛋白,900,3,/image/奶粉/太子乐/金装铁听3段.jpg
太子乐,牛奶,铁乳蛋白,900,1,/image/奶粉/太子乐/铁听1段.jpg
太子乐,牛奶,铁乳蛋白,900,2,/image/奶粉/太子乐/铁听2段.jpg
太子乐,牛奶,铁乳蛋白,900,3,/image/奶粉/太子乐/铁听3段.jpg
太子乐,牛奶,腹泻期,400,,/image/奶粉/太子乐/ad2d63306216580a04dda3b076a8ac1f.jpg
太子乐,牛奶,免疫厅,300,,/image/奶粉/太子乐/免疫听2段.jpg
惠氏,牛奶,启斌,900,1,/image/奶粉/惠氏/惠氏奶粉/8cc02952a8c87e67292d033efacb90be.jpg
惠氏,牛奶,启斌,900,2,/image/奶粉/惠氏/惠氏奶粉/ef0db7aa1af08e8010385f852ac5be54.jpg
惠氏,牛奶,启斌,900,3,/image/奶粉/惠氏/惠氏奶粉/d97059eb8e23fd3b0d3e5b50db04ef60.jpg
惠氏,牛奶,启斌,900,4,/image/奶粉/惠氏/惠氏奶粉/6c6bb4ebd83bb749d32cdf4ef3b0b3b9.jpg
惠氏,牛奶,爱儿乐妈妈,900,,/image/奶粉/惠氏/惠氏奶粉/19df6e1bd670511cffba68dd6fc44f23.jpg
惠氏,牛奶,金装敏儿乐,900,,/image/奶粉/惠氏/惠氏奶粉/066b7c73201aa98fdb299bf7dafee1ab.jpg
惠氏,牛奶,金装膳儿加/厅,900,,/image/奶粉/惠氏/惠氏奶粉/惠氏金装膳儿加听.jpg
惠氏,牛奶,金装膳儿加/盒,400,,/image/奶粉/惠氏/惠氏奶粉/惠氏金装膳儿加.jpg
惠氏,牛奶,金装爱儿乐/厅,900,1,/image/奶粉/惠氏/惠氏奶粉/a06aed0723a6c9901af3c3a8b16270f2.jpg
惠氏,牛奶,金装爱儿乐/厅,900,2,/image/奶粉/惠氏/惠氏奶粉/9027ac258b701bba0249fb61793c5092.jpg
惠氏,牛奶,金装爱儿乐/厅,900,3,/image/奶粉/惠氏/惠氏奶粉/ab03b4aa13ec589d980a80443e16e315.jpg
惠氏,牛奶,金装健儿乐/盒,400,1,/image/奶粉/惠氏/惠氏奶粉/9682ce7b107c0498fe9235a521730a32.jpg
惠氏,牛奶,金装健儿乐/盒,400,2,/image/奶粉/惠氏/惠氏奶粉/9682ce7b107c0498fe9235a521730ac2.jpg
惠氏,牛奶,金装健儿乐/盒,400,3,/image/奶粉/惠氏/惠氏奶粉/5c95cb236d467db3f942440c2df13102.jpg
美素,牛奶,金装/厅,900,1,/image/奶粉/美素/美素金装听1段.jpg
美素,牛奶,金装/厅,900,2,/image/奶粉/美素/美素金装听2段.jpg
美素,牛奶,金装/厅,900,3,/image/奶粉/美素/美素金装听3段.jpg
完达山,牛奶,果维舒,400,,/image/奶粉/完达山/儿童盒.jpg
完达山,牛奶,高钙维E女士奶粉,400,,/image/奶粉/完达山/高钙女士袋.jpg
完达山,牛奶,脱脂奶粉,400,,/image/奶粉/完达山/脱脂袋.jpg
完达山,牛奶,高钙加锌学生奶粉,400,,/image/奶粉/完达山/学生袋.jpg
完达山,牛奶,益生元中老年奶粉,400,,/image/奶粉/完达山/中老年袋.jpg
完达山,牛奶,元乳/厅,900,1,/image/奶粉/完达山柏洋/2cdbd54586f1ffa24ed7e2437a2833f3.jpg
完达山,牛奶,元乳/厅,900,2,/image/奶粉/完达山柏洋/元乳听2段.jpg
完达山,牛奶,元乳/厅,900,3,/image/奶粉/完达山柏洋/元乳听3段.jpg
完达山,牛奶,元乳/袋,400,1,/image/奶粉/完达山柏洋/c612e66bc7c07e6d46e3776222b80dfd.jpg
完达山,牛奶,元乳/袋,400,2,/image/奶粉/完达山柏洋/1231c9d4e2526298a03245990aff3760.jpg
完达山,牛奶,元乳/袋,400,3,/image/奶粉/完达山柏洋/cbb5dcd8af8b2299c26409d8c6044834.jpg
完达山,牛奶,元乳/盒,400,1,/image/奶粉/完达山柏洋/盒1段.jpg
完达山,牛奶,元乳/盒,400,2,/image/奶粉/完达山柏洋/盒2段.jpg
完达山,牛奶,元乳/盒,400,3,/image/奶粉/完达山柏洋/盒3段.jpg
完达山,牛奶,安力聪/厅,900,1,/image/奶粉/完达山柏洋/290faf8f9806f192d42b50e0dad51dcf.jpg
完达山,牛奶,安力聪/厅,900,2,/image/奶粉/完达山柏洋/d51dafd518dad634b0f49698de0d9561.jpg
完达山,牛奶,安力聪/厅,900,3,/image/奶粉/完达山柏洋/安力聪听3段.jpg
完达山,牛奶,完达山/袋,400,1,/image/奶粉/完达山柏洋/完达山袋1段.jpg
完达山,牛奶,完达山/袋,400,2,/image/奶粉/完达山柏洋/完成山袋2段.jpg
完达山,牛奶,完达山/袋,400,3,/image/奶粉/完达山柏洋/袋3段.jpg
完达山,牛奶,世纪贝贝/盒,400,1,/image/奶粉/完达山柏洋/54ab74da3295e971654bce392e6d6bda.jpg
完达山,牛奶,世纪贝贝/盒,400,2,/image/奶粉/完达山柏洋/4f881da20e5fd23c90291efe8086bb75.jpg
完达山,牛奶,世纪贝贝/盒,400,3,/image/奶粉/完达山柏洋/6f656cecc569f3787a8ec98e1673c28e.jpg
完达山,牛奶,妈咪奶,900,,/image/奶粉/完达山柏洋/妈咪奶.jpg
雅培,牛奶,喜康力/盒,400,1,/image/奶粉/雅培/奶粉/喜康宝盒1段.jpg
雅培,牛奶,喜康力/盒,400,2,/image/奶粉/雅培/奶粉/喜康力盒2段.jpg
雅培,牛奶,喜康力/盒,400,3,/image/奶粉/雅培/奶粉/喜康力盒3段.jpg
雅培,牛奶,喜康力/盒,400,4,/image/奶粉/雅培/奶粉/喜康力盒4段.jpg
雅培,牛奶,喜康力/厅,900,1,/image/奶粉/雅培/奶粉/金装听1段.jpg
雅培,牛奶,喜康力/厅,900,2,/image/奶粉/雅培/奶粉/喜康力听2段1.jpg
雅培,牛奶,喜康力/厅,900,3,/image/奶粉/雅培/奶粉/喜康力听2段2.jpg
雅培,牛奶,喜康力/厅,900,4,/image/奶粉/雅培/奶粉/喜康力听2段3.jpg
雅培,牛奶,喜康宝/盒,400,,/image/奶粉/雅培/盒1.jpg
雅培,牛奶,喜康宝/厅,900,,/image/奶粉/雅培/奶粉/金装听1段.jpg
雅培,牛奶,菁智/厅,900,1,/image/奶粉/雅培/奶粉/菁智听1段.jpg
雅培,牛奶,菁智/厅,900,2,/image/奶粉/雅培/奶粉/菁智听2段.jpg
雅培,牛奶,菁智/厅,900,3,/image/奶粉/雅培/奶粉/菁智听3段.jpg
雅培,牛奶,菁护/厅,900,1,/image/奶粉/雅培/奶粉/亲护听1段.jpg
雅培,牛奶,菁护/厅,900,2,/image/奶粉/雅培/奶粉/亲护听2段.jpg
雅培,牛奶,喜康素妈妈奶,800,0,/image/奶粉/雅培/奶粉/喜康素妈妈奶.jpg
雅培,牛奶,小安素/盒,400,,/image/奶粉/雅培/奶粉/小安素盒.jpg
雅培,牛奶,小安素/厅,900,,/image/奶粉/雅培/奶粉/小安素听.jpg
雀巢,牛奶,超级能恩/厅,800,1,/image/奶粉/雀巢/超级能恩/超级能恩听1.jpg
雀巢,牛奶,超级能恩/厅,800,2,/image/奶粉/雀巢/超级能恩/超级能恩听2.jpg
雀巢,牛奶,超级能恩/厅,800,3,/image/奶粉/雀巢/超级能恩/超级能恩听3.jpg
雀巢,牛奶,儿童奶粉/盒3-6,500,,/image/奶粉/雀巢/儿童奶粉/6ad50ed3df7a4df82e3afe824beb3e81.jpg
雀巢,牛奶,儿童奶粉/盒1-3,500,,/image/奶粉/雀巢/儿童奶粉/084a7c8998b3c52ffddd73972b04020e.jpg
雀巢,牛奶,儿童奶粉/厅,1000,,/image/奶粉/雀巢/儿童奶粉/ffd059d501a0e9a66dbaee368dfb5918.jpg
雀巢,牛奶,能恩/盒,400,1,/image/奶粉/雀巢/能恩/盒1.jpg
雀巢,牛奶,能恩/盒,400,2,/image/奶粉/雀巢/能恩/盒2.jpg
雀巢,牛奶,能恩/厅,900,1,/image/奶粉/雀巢/能恩/听1.jpg
雀巢,牛奶,能恩/厅,900,2,/image/奶粉/雀巢/能恩/听2.jpg
雀巢,牛奶,能恩/厅,900,3,/image/奶粉/雀巢/能恩/听3.jpg
雀巢,牛奶,键心中老年奶粉,900,,/image/奶粉/雀巢/中老年奶粉/773bc42b3071f07e551814f37c4b600d.jpg
雀巢,牛奶,键心中老年奶粉,400,,/image/奶粉/雀巢/中老年奶粉/95215b300836d26a75dc90e1db0e8726.jpg
雀巢,牛奶,键心中老年奶粉,900,,/image/奶粉/雀巢/中老年奶粉/19ea25ee61cb8811b82edf71f4e17a84.jpg
雀巢,牛奶,键心中老年奶粉,400,,/image/奶粉/雀巢/中老年奶粉8a7b9a9138a788dffa8aa9512cad7d6c.jpg
雀巢,牛奶,雀巢妈妈/盒,400,,/image/奶粉/雀巢/孕妇奶粉/9fda302353a070d77ba0e3b37f90c61d.jpg
雀巢,牛奶,雀巢妈妈/听,900,,/image/奶粉/雀巢/孕妇奶粉/c23a3b8a85fa74bb749446fbca62d315.jpg
雀巢,牛奶,蔼儿舒,400,,/image/奶粉/雀巢/16a9220c55bde595e316943aeff39275.jpg
雀巢,牛奶,小百肽,400,,/image/奶粉/雀巢/特配粉/55f794c0c2d6ec7e75979ce5638e76e8.jpg
雀巢,牛奶,能恩AL110,400,,/image/奶粉/雀巢/特配粉/bfe8905f89fd469c367ef9a377b14bc8.jpg
雀巢,牛奶,特别能恩,400,,/image/奶粉/雀巢/特配粉/c2b4ee6303593bc38b278190ad0f698c.jpg
多美滋,牛奶,优阶贝护/盒,400,1,/image/奶粉/多美滋/17256ce409c15226c6f72da45f454dc2.jpg
多美滋,牛奶,优阶贝护/盒,400,2,/image/奶粉/多美滋/6fc12fe67a1e926249ef3a1047001350.jpg
多美滋,牛奶,优阶贝护/盒,400,3,/image/奶粉/多美滋/9e60d525471c8d1777719377975f5256.jpg
多美滋,牛奶,优阶贝护/厅,900,1,/image/奶粉/多美滋/多美滋听婴儿1段.jpg
多美滋,牛奶,优阶贝护/厅,900,2,/image/奶粉/多美滋/多美滋听2段2.jpg
多美滋,牛奶,优阶/厅,900,3,/image/奶粉/多美滋/多美滋听3段5.jpg
多美滋,牛奶,优阶贝护/盒四联包,1600,1,/image/奶粉/多美滋/a34418d6bb890ca4c0e7b82e1ae5eb1f.jpg
多美滋,牛奶,优阶贝护/盒四联包,1600,2,/image/奶粉/多美滋/9d138a826a79cadedb5617ca04d632fc.jpg
多美滋,牛奶,优阶/四联包,1600,3,/image/奶粉/多美滋/2d817ba856a3f09906edebfe278d2e83.jpg
多美滋,牛奶,多乐加/袋,1200,1,/image/奶粉/多美滋/f04b355d7b140ca6ad48888e05c33d62.jpg
多美滋,牛奶,多领加/袋,1200,2,/image/奶粉/多美滋/73a9937d893abc6d3824ccf3166c60e2.jpg
多美滋,牛奶,多学1加/袋,1200,3,/image/奶粉/多美滋/118d61bc5f548f9d4f915401a8e1ea6b.jpg
多美滋,牛奶,优价妈咪/盒,300,0,/image/奶粉/多美滋/32396a555c385996045c92d5708e9e88.jpg
多美滋,牛奶,优阶妈咪/厅,900,0,/image/奶粉/多美滋/多美滋听妈妈.jpg
多美滋,牛奶,优衡多营养/盒,350,,/image/奶粉/多美滋/d649e413287868b0af93731e48651239.jpg
多美滋,牛奶,优衡多营养/厅,900,,/image/奶粉/多美滋/e70deada02b71c97a9c09c6b8c017594.jpg
雅士利,牛奶,超级a金装/厅,900,1,/image/奶粉/雅士利/超级金听1段.jpg
雅士利,牛奶,超级a金装/厅,900,2,/image/奶粉/雅士利/超级金听2段.jpg
雅士利,牛奶,超级a金装/厅,900,3,/image/奶粉/雅士利/超级金听3段.jpg
雅士利,牛奶,能慧/盒,400,1,/image/奶粉/雅士利/能慧盒1段.jpg
雅士利,牛奶,能慧/盒,400,2,/image/奶粉/雅士利/能慧盒2段.jpg
雅士利,牛奶,能慧/盒,400,3,/image/奶粉/雅士利/能慧盒3段.jpg
雅士利,牛奶,能慧/厅,900,1,/image/奶粉/雅士利/能慧听1段.jpg
雅士利,牛奶,能慧/厅,900,2,/image/奶粉/雅士利/能慧听2段.jpg
雅士利,牛奶,能慧/厅,900,3,/image/奶粉/雅士利/能慧听3段.jpg
雅士利,牛奶,能慧/厅,900,4,/image/奶粉/雅士利/能慧听4段.jpg
雅士利,牛奶,益生元/袋,700,1,/image/奶粉/雅士利/袋1段.jpg
雅士利,牛奶,益生元/袋,700,2,/image/奶粉/雅士利/袋2段.jpg
雅士利,牛奶,益生元/袋,700,3,/image/奶粉/雅士利/袋3段.jpg
雅士利,牛奶,益生元/袋,400,4,/image/奶粉/雅士利/袋4段.jpg
雅士利,牛奶,安贝慧/厅,900,1,/image/奶粉/雅士利/ba675660c734fdd5fe3c1c13aa3fb253.jpg
雅士利,牛奶,安贝慧/厅,900,2,/image/奶粉/雅士利/安贝慧听2段1.jpg
雅士利,牛奶,安贝慧/厅,900,3,/image/奶粉/雅士利/97f237e5eaa19ac54c7ad775b50dbd0c.jpg
雅士利,牛奶,a金装孕产妇,900,0,/image/奶粉/雅士利/61429d4b120cfa69eeaf79f6c713d41e.jpg
雅士利,牛奶,能慧金装孕产妇/厅,900,0,/image/奶粉/雅士利/能慧妈妈听.jpg
雅士利,牛奶,能慧金装孕产妇/盒,400,0,/image/奶粉/雅士利/d45a3c4a33d0a69e4bc90c62ea34caf3.jpg
雅士利,牛奶,a金装/厅,900,1,/image/奶粉/雅士利/金装听1段.jpg
雅士利,牛奶,a金装/厅,900,2,/image/奶粉/雅士利/金装听2段.jpg
雅士利,牛奶,a金装/厅,900,3,/image/奶粉/雅士利/490cadd0bc46765dc174b6271f76d6b0.jpg
雅士利,牛奶,a金装/厅,900,4,/image/奶粉/雅士利/3764a2cae917d02f5a05a3bc4e72cf0a.jpg
雅士利,牛奶,a金装/袋,400,1,/image/奶粉/雅士利/bb57782c00fbc71553086890118236d1.jpg
雅士利,牛奶,a金装/袋,400,2,/image/奶粉/雅士利/cd9d1b92503b5d889df4deb268571a8a.jpg
雅士利,牛奶,a金装/袋,400,3,/image/奶粉/雅士利/2876ffa37d3c181c352c90dd3a48d801.jpg
雅士利,牛奶,a金装/盒,400,1,/image/奶粉/雅士利/A金盒1.jpg
雅士利,牛奶,a金装/盒,400,2,/image/奶粉/雅士利/A金盒2.jpg
雅士利,牛奶,a金装/盒,400,3,/image/奶粉/雅士利/A金盒3.jpg
雅士利,牛奶,a金装/盒,400,4,/image/奶粉/雅士利/A金盒4.jpg
御宝,羊奶,金装贝儿盾/厅,180,1,/image/羊奶/御宝官方/41d998a6ee973ff3b64855b7f9fd0d3b.jpg
御宝,羊奶,金装贝儿盾/厅,180,2,/image/羊奶/御宝官方/7136a267d562d8a1c4570a2aafb64433.jpg
御宝,羊奶,金装贝儿盾/厅,900,3,/image/羊奶/御宝官方/dc01b2b0865a0b60c675c5f2ab1ad629.jpg
御宝,羊奶,孕哺康/盒,400,,/image/羊奶/御宝官方/ceeb62e1639d8fb2246cefdae824d3a0.jpg
御宝,羊奶,孕哺康/厅,900,,/image/羊奶/御宝官方/4e2aff5092d6c8328a30bb912a0a8339.jpg
御宝,羊奶,金装贝儿盾/盒,400,1,/image/羊奶/御宝官方/88862d7e76628f973b33f6bce6f8e67b.jpg
御宝,羊奶,金装贝儿盾/盒,400,2,/image/羊奶/御宝官方/b3ca7bc3fdcca7fea7c129bacfd93fce.jpg
御宝,羊奶,金装贝儿盾/盒,400,3,/image/羊奶/御宝官方/74abed674bbaa1b3dec3ccc92f16c0a3.jpg
御宝,羊奶,1+2/盒,350,1,/image/羊奶/御宝官方/3d7ecae93071aa26657c7a4add0d0dbc.jpg
御宝,羊奶,1+2/盒,350,2,/image/羊奶/御宝官方/95d9d213ff7f1b9d09bcb185385ba4f2.jpg
御宝,羊奶,1+2/盒,350,3,/image/羊奶/御宝官方/1a1b0aa84fce4aa1253fe0e8d0f62b84.jpg
御宝,羊奶,1+2/盒,800,1,/image/羊奶/御宝官方/e6a97ea5d7d5850a60b88dd9fdde4d96.jpg
御宝,羊奶,1+2/盒,800,2,/image/羊奶/御宝官方/696bc3a44f93f1026e5e2460a4fa89ec.jpg
御宝,羊奶,1+2/盒,800,3,/image/羊奶/御宝官方/8663913585e1204e57f3358ab58aaa48.jpg
御宝,羊奶,乐慧孕产妇/厅,700,,/image/羊奶/御宝乐慧/af77c405b109c8dddd634c7611d5d315.jpg
御宝,羊奶,乐慧呵护组合/厅,800,1,/image/羊奶/御宝乐慧/0204fd538be11e5394f2989a1f4fe58c.jpg
御宝,羊奶,乐慧呵护组合/厅,800,2,/image/羊奶/御宝乐慧/0204fd538be11e5394f2989a1f4fe58c.jpg
御宝,羊奶,乐慧呵护组合/厅,800,3,/image/羊奶/御宝乐慧/6a94ace9896b007f39defbd060b72006.jpg
御宝,羊奶,乐慧建智组合/厅,700,1,/image/羊奶/御宝乐慧/3848384261acfae27286a135c4569cb6.jpg
御宝,羊奶,乐慧建智组合/厅,700,2,/image/羊奶/御宝乐慧/a00c6f6d6932cf52aeebe1cdef68aabb.jpg
御宝,羊奶,乐慧建智组合/厅,700,3,/image/羊奶/御宝乐慧/6586730f0c04833f9daa9fa7b50d668c.jpg
羊羊100,羊奶,孕产妇/厅,800,,/image/羊奶/羊羊100/226d66bd886ae2a3ac46466d80c8f654.jpg
羊羊100,羊奶,金砖/厅,800,1,/image/羊奶/羊羊100/866c5aae72031f548530546090fd03cc.jpg
羊羊100,羊奶,金砖/厅,800,2,/image/羊奶/羊羊100/b7ac94035915e9633e141e3cc54136c6.jpg
羊羊100,羊奶,金砖/厅,800,3,/image/羊奶/羊羊100/5243770c3f13414b09f678a3ca6da3d6.jpg
羊羊100,羊奶,金砖/厅,800,4,/image/羊奶/羊羊100/f5d383122ca4af76964d102dc8f84588.jpg
羊羊100,羊奶,全能/厅,800,1,/image/羊奶/羊羊100/b3c119bc8007695b8865afadf2e717e7.jpg
羊羊100,羊奶,全能/厅,800,2,/image/羊奶/羊羊100/1f71817b7423a0556569a5e194c201e1.jpg
羊羊100,羊奶,全能/厅,800,3,/image/羊奶/羊羊100/2474d3ed1da5882020911788656f1fbd.jpg
羊羊100,羊奶,御盾/厅,800,1,/image/羊奶/羊羊100/a59fd1db25d13b531a10c9f4e87feb22.jpg
羊羊100,羊奶,御盾/厅,800,2,/image/羊奶/羊羊100/6c920d672b80a49fac271277630e5b42.jpg
羊羊100,羊奶,御盾/厅,800,3,/image/羊奶/羊羊100/f15c7bc5c4eee721fd9b1ec0b5df8e9d.jpg
佳贝艾特,羊奶,佳母羊乳荷兰原装进口/厅,800,1,/image/羊奶/佳贝艾特/d01cbccbbba292175e00f93550d18791.jpg
佳贝艾特,羊奶,佳母羊乳荷兰原装进口/厅,800,2,/image/羊奶/佳贝艾特/4e582b2b4a3f0fbf221e808645ffa36b.jpg
佳贝艾特,羊奶,佳母羊乳荷兰原装进口/厅,800,3,/image/羊奶/佳贝艾特/659fc5ea2db95bc06e84b9a235b3ed34.jpg
佳贝艾特,羊奶,佳母羊乳/厅,400,1,/image/羊奶/佳贝艾特/f7f1058260934a4775a460a3fd337336.jpg
佳贝艾特,羊奶,佳母羊乳/厅,400,2,/image/羊奶/佳贝艾特/9b1ec9fa2e3ba740dc184c2db97fccc1.jpg
佳贝艾特,羊奶,佳母羊乳/厅,400,3,/image/羊奶/佳贝艾特/b5033d69d288b51ae2a7a9303cc0dad8.jpg
佳贝艾特,羊奶,佳母羊乳/厅,800,1,/image/羊奶/佳贝艾特/c2fbc717caf6096ab8a1e63cb66eb796.jpg
佳贝艾特,羊奶,佳母羊乳/厅,800,2,/image/羊奶/佳贝艾特/b342d553f95025ed5952133f8d981ee7.jpg
佳贝艾特,羊奶,佳母羊乳/厅,800,3,/image/羊奶/佳贝艾特/8a60e980e638c36ba5885bd5089b91b0.jpg
开心羊,羊奶,金装/厅,800,1,/image/羊奶/开心羊/78301a0e6474208115a01026806bb9a0.jpg
开心羊,羊奶,金装/厅,800,2,/image/羊奶/开心羊/472125e10e9c21aea4aa7f9285a967a4.jpg
开心羊,羊奶,金装/厅,800,3,/image/羊奶/开心羊/3a9684a071a640bcd8afd0782f82bc2f.jpg
开心羊,羊奶,开心羊/厅,800,1,/image/羊奶/开心羊/9b7e22fcc2f25b02d0ccf9d1a0d82cd5.jpg
开心羊,羊奶,开心羊/厅,800,2,/image/羊奶/开心羊/6ce1d67831c9003ae943fca73375e96e.jpg
开心羊,羊奶,开心羊/厅,800,3,/image/羊奶/开心羊/3d111891af65b9ca536a9098b46f3c1c.jpg
开心羊,羊奶,开心羊/盒,400,1,/image/羊奶/开心羊/a837e06fd053e808a555c4cd37057fb0.jpg
开心羊,羊奶,开心羊/盒,400,2,/image/羊奶/开心羊/12db5013ecf728864263151569f32d65.jpg
开心羊,羊奶,开心羊/盒,400,3,/image/羊奶/开心羊/44d392773194701ceefc17da9a2961dd.jpg
开心羊,羊奶,开心羊/盒,400,4,/image/羊奶/开心羊/8acf2ccb7e970badcdf1c5646ddc5b10.jpg
圣妃,羊奶,活性优生/厅,800,1,/image/羊奶/圣妃/fa5f8b8dd73f0cd75ad90f1e9a72d820.jpg
圣妃,羊奶,活性优生/厅,800,2,/image/羊奶/圣妃/fa5f8b8dd73f0cd75ad90f1e9a72d620.jpg
圣妃,羊奶,活性优生/厅,800,3,/image/羊奶/圣妃/52a3ff627f992719b70d07006b0e2ebe.jpg
圣妃,羊奶,多维全优/厅,450,1,/image/羊奶/圣妃/cebffee03febc53ca62f0db5b6d7db28.jpg
圣妃,羊奶,多维全优/厅,450,2,/image/羊奶/圣妃/5e9db1c70e4374b1304cfac86b88ef47.jpg
圣妃,羊奶,多维全优/厅,450,3,/image/羊奶/圣妃/c93e0a55d4ecf836375ef9ae3735db7f.jpg
圣妃,羊奶,金装/盒,400,1,/image/羊奶/圣妃/59940929062ee041277366cfe763ef75.jpg
圣妃,羊奶,金装/盒,400,2,/image/羊奶/圣妃/85c36cedc2f1dfbcd8d54b16cf608300.jpg
圣妃,羊奶,金装/盒,400,3,/image/羊奶/圣妃/e3afff2de9783a99817220b40997de9e.jpg
圣妃,羊奶,金装/厅,650,1,/image/羊奶/圣妃/eee31bb5305090f25700ea9b4c592691.jpg
圣妃,羊奶,金装/厅,650,2,/image/羊奶/圣妃/1dc3849f5e791d6e2ce839037f2b6be6.jpg
圣妃,羊奶,金装/厅,650,3,/image/羊奶/圣妃/7172e8b486d24c187771186c4a7a5de5.jpg
圣妃,羊奶,100%纯羊奶,650,,/image/羊奶/圣妃/a9828743e82a8c812f69e245ec5fff2d.jpg
羊能素,羊奶,OPO,400,1,/image/羊奶/羊能素/ebbfefd5955279ee5053e1eab82fe997.jpg
羊能素,羊奶,OPO,400,2,/image/羊奶/羊能素/06dcec7cb43340b3826c88ce5fb7c6ad.jpg
羊能素,羊奶,OPO,400,3,/image/羊奶/羊能素/3df07c8fd90f64e8f8e9cf717d951ed0.jpg
羚滋,羊奶,超金装/厅,227,1,/image/羊奶/羚滋/超金装/247e81ab37d2bfe48c2cc4facee1c38d.jpg
羚滋,羊奶,超金装/厅,227,2,/image/羊奶/羚滋/超金装/6c0caa5a92a102d5b0312597645a0f93.jpg
羚滋,羊奶,超金装/厅,900,1,/image/羊奶/羚滋/超金装/232a71e688da990d24a1d18ddc0b6869.jpg
羚滋,羊奶,超金装/厅,900,2,/image/羊奶/羚滋/超金装/1276668dcb9f75b8a1f86b658db14167.jpg
羚滋,羊奶,超金装/厅,900,3,/image/羊奶/羚滋/超金装/c988a0a499c665a8b4a28395721ea0b7.jpg
羚滋,羊奶,金优/袋,400,1,/image/羊奶/羚滋/金优/6131e1decff506271cc9eccbe02cc4f6.jpg
羚滋,羊奶,金优/袋,400,2,/image/羊奶/羚滋/金优/21cf8252bd95261e4400a76c0a371040.jpg
羚滋,羊奶,金优/袋,400,3,/image/羊奶/羚滋/金优/d43298258c864b9957298a23ee9ac8a8.jpg
羚滋,羊奶,金优/厅,900,1,/image/羊奶/羚滋/金优/7f5086878be765aa74b5217b2365ff60.jpg
羚滋,羊奶,金优/厅,900,2,/image/羊奶/羚滋/金优/7f5086878be765aa74b5217b2365fh60.jpg
羚滋,羊奶,金优/厅,900,3,/image/羊奶/羚滋/金优/e5a49a318edc34a1f1ba979462ea107d.jpg
羚滋,羊奶,金优/厅,900,4,/image/羊奶/羚滋/金优/552c6b94066c99cfaec63e6787f35d37.jpg
羚滋,羊奶,金装/厅,900,1,/image/羊奶/羚滋/金装/0b2aa080c41303bd276e4ae1c21d5bab.jpg
羚滋,羊奶,金装/厅,900,2,/image/羊奶/羚滋/金装/2501645fb23f1d28b033d332d0223efc.jpg
羚滋,羊奶,金装/厅,900,3,/image/羊奶/羚滋/金装/b1c2b04c7ea92ba25254233b9e150e6a.jpg
羚滋,羊奶,金装高钙,900,,/image/羊奶/羚滋/76f3ffb54627bd6660bd8a21947c436c.jpg
羚滋,羊奶,金装学生,900,,/image/羊奶/羚滋/cd2510098d68f77356fd671ae5f63ac8.jpg
羚滋,羊奶,金装中老年,900,,/image/羊奶/羚滋/c5a91ba18eda76d33b94c1de236f12e0.jpg
羚滋,羊奶,金装/盒,400,1,/image/羊奶/羚滋/3abba623a1969a4c9ace6a8173aa815f.jpg
羚滋,羊奶,金装/盒,400,2,/image/羊奶/羚滋/940c30d5838ed77790353493835a58df.jpg
可诺贝儿,牛奶,金装/厅,800,1,/image/羊奶/可诺贝儿/1ac5af4453771b4488feb401209123fd.jpg
可诺贝儿,牛奶,金装/厅,800,2,/image/羊奶/可诺贝儿/53f0c2911f1b13ed38f86e8d78e07c14.jpg
可诺贝儿,牛奶,金装/厅,800,3,/image/羊奶/可诺贝儿/269c3cde36800667ade80e7b911d5a54.jpg
可诺贝儿,牛奶,金装/厅,350,1,/image/羊奶/可诺贝儿/2716906be99bc07cd8e22f908848d362.jpg
可诺贝儿,牛奶,金装/厅,350,2,/image/羊奶/可诺贝儿/422429424c0cf92fcfe0200a47137c8e.jpg
可诺贝儿,牛奶,金装/厅,350,3,/image/羊奶/可诺贝儿/4fe5c17af7bbd0dd7f7af52ed0aa31c2.jpg
可诺贝儿,羊奶,金装/厅,800,1,/image/羊奶/可诺贝儿/af6d85ae0065a2b2dfe196d2838ba364.jpg
可诺贝儿,羊奶,金装/厅,800,2,/image/羊奶/可诺贝儿/46be082b8ca84ccfee7c97f205937765.jpg
可诺贝儿,羊奶,金装/厅,800,3,/image/羊奶/可诺贝儿/9274a86fe909a7f6b37d04f37ad709f1.jpg
可诺贝儿,羊奶,超金钻/厅,800,1,/image/羊奶/可诺贝儿/c6cd059ddfc6768f331bf6ea0a3d18b0.jpg
可诺贝儿,羊奶,超金钻/厅,800,2,/image/羊奶/可诺贝儿/f6362f6491871518007559bcd22aff8e.jpg
可诺贝儿,羊奶,超金钻/厅,800,3,/image/羊奶/可诺贝儿/970c27fd6eb095ce47f65deda4d1a757.jpg
可诺贝儿,羊奶,超金钻/厅,350,1,/image/羊奶/可诺贝儿/a67efdfa8689e020c4b6faf7d0701ec1.jpg
可诺贝儿,羊奶,超金钻/厅,350,2,/image/羊奶/可诺贝儿/84e354300852413baea24186a05c00a3.jpg
可诺贝儿,羊奶,超金钻/厅,350,3,/image/羊奶/可诺贝儿/84e354300852413baea24186a05c00a3.jpg
可诺贝儿,牛奶,金钻/厅,350,1,/image/羊奶/可诺贝儿/b0400d205e26b6a815b2256ba6a0da9f.jpg
可诺贝儿,牛奶,金钻/厅,350,2,/image/羊奶/可诺贝儿/422429424c0cf92fcfe0200a47137c8e.jpg
可诺贝儿,牛奶,金钻/厅,350,3,/image/羊奶/可诺贝儿/4fe5c17af7bbd0dd7f7af52ed0aa31c2.jpg
可诺贝儿,牛奶,金钻/厅,800,1,/image/羊奶/可诺贝儿/6db9569db8e4db215067f7aa9a18f22e.jpg
可诺贝儿,牛奶,金钻/厅,800,2,/image/羊奶/可诺贝儿/b1c5649281aa84a60199f72841d75060.jpg
可诺贝儿,牛奶,金钻/厅,800,3,/image/羊奶/可诺贝儿/d37169a067a0ac70f7c2037dcf27e40d.jpg
人之初,牛奶,腹泻期专用,400,,/image/奶粉/人之初/a2552cb788b5f7a0a6f674e2545832b0.jpg
人之初,牛奶,爱加力/盒,400,1,/image/奶粉/人之初/eab4790a1f3241b9365ae8bcdb34c433.jpg
人之初,牛奶,爱加力/盒,400,2,/image/奶粉/人之初/cccda56f5466e078d406fbb96dc840cf.jpg
人之初,牛奶,爱加力/盒,400,3,/image/奶粉/人之初/b5bb22abe077965e166ca315d2ed11cf.jpg
人之初,牛奶,爱加力/厅,900,1,/image/奶粉/人之初/ca513a369753786f57c2a4965db94d0e.jpg
人之初,牛奶,爱加力/厅,900,2,/image/奶粉/人之初/6683cf3001ed0f20e6ccf3587054de85.jpg
人之初,牛奶,爱加力/厅,900,3,/image/奶粉/人之初/ca513a369753786f57c2a4965db94d0e.jpg
人之初,牛奶,金装GOLD/厅,900,1,/image/奶粉/人之初/5c9789284d8845508a6b3b88b1144982.jpg
人之初,牛奶,金装GOLD/厅,900,2,/image/奶粉/人之初/42fb8a82b858020412b7ed160c15233f.jpg
人之初,牛奶,金装GOLD/厅,900,3,/image/奶粉/人之初/42fb8a82b858020412b7ed160c15233f.jpg
人之初,牛奶,人之初,900,1,/image/奶粉/人之初/人之初1段.jpg
人之初,牛奶,人之初,900,2,/image/奶粉/人之初/人之初2段.jpg
人之初,牛奶,人之初,900,3,/image/奶粉/人之初/人之初3段.jpg
荷兰乳牛,牛奶,盒,360,1,/image/奶粉/人荷兰乳牛/学生盒.jpg
荷兰乳牛,牛奶,盒,360,2,/image/奶粉/人荷兰乳牛/多维盒.jpg
荷兰乳牛,牛奶,盒,360,3,/image/奶粉/人荷兰乳牛/高钙奶盒.jpg
荷兰乳牛,牛奶,厅,900,1,/image/奶粉/人荷兰乳牛/多维听.jpg
荷兰乳牛,牛奶,厅,900,2,/image/奶粉/人荷兰乳牛/女士奶听.jpg
荷兰乳牛,牛奶,厅,900,3,/image/奶粉/人荷兰乳牛/中老年听.jpg
荷兰乳牛,牛奶,袋,400,1,/image/奶粉/人荷兰乳牛/学生袋.jpg
荷兰乳牛,牛奶,袋,400,2,/image/奶粉/人荷兰乳牛/高钙袋.jpg
荷兰乳牛,牛奶,袋,400,3,/image/奶粉/人荷兰乳牛/中老年袋.jpg
名门贵族,羊奶,孕妇,850,,/image/羊奶/名门贵族/奶粉/孕妇.jpg
名门贵族,羊奶,女士,850,,/image/羊奶/名门贵族/奶粉/女士.jpg
名门贵族,羊奶,中老年,850,,/image/羊奶/名门贵族/奶粉/中老年.jpg
名门贵族,羊奶,金装,850,1,/image/羊奶/名门贵族/奶粉/金装听1段.jpg
名门贵族,羊奶,金装,850,2,/image/羊奶/名门贵族/奶粉/金装听2段.jpg
名门贵族,羊奶,金装,850,3,/image/羊奶/名门贵族/奶粉/金装听3段.jpg
名门贵族,羊奶,金钻,850,1,/image/羊奶/名门贵族/奶粉/金钻听1段.jpg
名门贵族,羊奶,金钻,850,2,/image/羊奶/名门贵族/奶粉/金钻听2段.jpg
名门贵族,羊奶,金钻,850,3,/image/羊奶/名门贵族/奶粉/金钻听3段.jpg
名门贵族,羊奶,金钻,850,4,/image/羊奶/名门贵族/奶粉/金钻听4段.jpg
美赞臣,牛奶,盒,400,1,/image/奶粉/美赞臣/盒1段.jpg
美赞臣,牛奶,盒,400,2,/image/奶粉/美赞臣/盒2段.jpg
美赞臣,牛奶,盒,400,3,/image/奶粉/美赞臣/盒3段.jpg
美赞臣,牛奶,盒,400,4,/image/奶粉/美赞臣/盒4段.jpg
美赞臣,牛奶,盒,400,5,/image/奶粉/美赞臣/盒5段.jpg
美赞臣,牛奶,听,900,1,/image/奶粉/美赞臣/听1段.jpg
美赞臣,牛奶,听,900,2,/image/奶粉/美赞臣/听2段.jpg
美赞臣,牛奶,听,900,3,/image/奶粉/美赞臣/听3段.jpg
美赞臣,牛奶,听,900,4,/image/奶粉/美赞臣/听4段.jpg
牛栏,牛奶,听,900,1,/image/奶粉/牛栏/听1段.jpg
牛栏,牛奶,听,900,2,/image/奶粉/牛栏/听2段.jpg
牛栏,牛奶,听,900,3,/image/奶粉/牛栏/听3段.jpg
亨氏,牛奶,孕妇厅,900,0,/image/奶粉/亨氏/f45c0eb5588e0a387cddb64fe26cacc7.jpg
亨氏,牛奶,厅,900,1,/image/奶粉/亨氏/85f2d6b60b18a64cc9222bc22ed34351.jpg
亨氏,牛奶,厅,900,2,/image/奶粉/亨氏/7e06fefca51c748b59b341fdccdcd60c.jpg
亨氏,牛奶,厅,900,3,/image/奶粉/亨氏/32c683e99126774e46ec730fbb4617db.jpg
亨氏,牛奶,盒,400,1,/image/奶粉/亨氏/ccc9c8a9cd1a3897a522a4ba37eaf5576.jpg
亨氏,牛奶,盒,400,2,/image/奶粉/亨氏/ccc9c8a9cd1a3897a522a4ba37eaf578.jpg
亨氏,牛奶,盒,400,3,/image/奶粉/亨氏/4b95fed9c44c1ea0a8d0cf99b6ecb86c.jpg
关山,羊奶,中老年/袋,400,,/image/奶粉/关山/中老年袋.jpg
关山,羊奶,学生/袋,400,,/image/奶粉/关山/学生袋.jpg
关山,羊奶,中老年,400,,/image/奶粉/关山/中老年.jpg
关山,羊奶,高钙高铁,400,,/image/奶粉/关山/高钙高铁.jpg
关山,羊奶,女士,400,,/image/奶粉/关山/女士.jpg.jpg
关山,羊奶,蓝色听,900,1,/image/奶粉/关山/蓝色听1段.jpg
关山,羊奶,蓝色听,900,2,/image/奶粉/关山/蓝色听2段.jpg
关山,羊奶,蓝色听,900,3,/image/奶粉/关山/蓝色听3段.jpg
关山,羊奶,蓝色盒,400,1,/image/奶粉/关山/蓝色盒1段.jpg
关山,羊奶,蓝色盒,400,2,/image/奶粉/关山/蓝色盒2段.jpg
关山,羊奶,蓝色盒,400,3,/image/奶粉/关山/蓝色盒3段.jpg
关山,羊奶,2+1听,450,1,/image/奶粉/关山/2+1听1段.jpg
关山,羊奶,2+1听,450,2,/image/奶粉/关山/2+1听2段.jpg
关山,羊奶,2+1听,450,3,/image/奶粉/关山/2+1听3段.jpg
关山,羊奶,绿色听,180,1,/image/奶粉/关山/绿色听1段.jpg
关山,羊奶,绿色听,180,2,/image/奶粉/关山/绿色听2段.jpg
关山,羊奶,绿色听,180,3,/image/奶粉/关山/绿色听3段.jpg
关山,羊奶,绿色盒,400,1,/image/奶粉/关山/绿色金装盒1段.jpg
关山,羊奶,绿色盒,400,2,/image/奶粉/关山/绿色金装盒2段.jpg
关山,羊奶,绿色盒,400,3,/image/奶粉/关山/绿色金装盒3段.jpg
关山,羊奶,孕妇,400,,/image/奶粉/关山/盒孕妇.jpg
关山,羊奶,盒,400,1,/image/奶粉/关山/盒1段.jpg
关山,羊奶,盒,400,2,/image/奶粉/关山/盒2段.jpg
关山,羊奶,金钻听,900,1,/image/奶粉/关山/金钻听1段.jpg
关山,羊奶,金钻听,900,2,/image/奶粉/关山/金钻听2段.jpg
关山,羊奶,金钻听,900,3,/image/奶粉/关山/金钻听3段.jpg
关山,羊奶,金黄色金装盒,400,1,/image/奶粉/关山/金黄色金装盒1段.jpg
关山,羊奶,金黄色金装盒,400,2,/image/奶粉/关山/金黄色金装盒2段.jpg
关山,羊奶,金黄色金装盒,400,3,/image/奶粉/关山/金黄色金装盒3段.jpg
关山,羊奶,金黄色金装听,900,1,/image/奶粉/关山/金黄色金装听1段.jpg
关山,羊奶,金黄色金装听,900,2,/image/奶粉/关山/金黄色金装听2段.jpg
关山,羊奶,金黄色金装听,900,3,/image/奶粉/关山/金黄色金装听3段.jpg
关山,羊奶,红色金装盒,400,1,/image/奶粉/关山/红色金装盒1段.jpg
关山,羊奶,红色金装盒,400,2,/image/奶粉/关山/红色金装盒2段.jpg
关山,羊奶,红色金装盒,400,3,/image/奶粉/关山/红色金装盒3段.jpg
关山,羊奶,红色金装听,900,1,/image/奶粉/关山/红色金装听1段.jpg
关山,羊奶,红色金装听,900,2,/image/奶粉/关山/红色金装听2段.jpg
关山,羊奶,红色金装听,900,3,/image/奶粉/关山/红色金装听3段.jpg
蒙牛,牛奶,佳智有机听,800,1,/image/奶粉/蒙牛/奶粉/有机听1段.jpg
蒙牛,牛奶,佳智有机听,800,2,/image/奶粉/蒙牛/奶粉/有机听2段.jpg
蒙牛,牛奶,白金佳智妈妈奶盒,400,,/image/奶粉/蒙牛/奶粉/妈妈奶.jpg
蒙牛,牛奶,白金佳智盒,400,1,/image/奶粉/蒙牛/奶粉/白金佳智盒1段.jpg
蒙牛,牛奶,白金佳智盒,400,2,/image/奶粉/蒙牛/奶粉/白金佳智盒2段.jpg
蒙牛,牛奶,白金佳智盒,400,3,/image/奶粉/蒙牛/奶粉/白金佳智盒3段.jpg
蒙牛,牛奶,白金佳智妈妈奶听,900,,/image/奶粉/蒙牛/奶粉/白金佳智听妈妈奶.jpg
蒙牛,牛奶,白金佳智听,900,1,/image/奶粉/蒙牛/奶粉/白金佳智听1段.jpg
蒙牛,牛奶,白金佳智听,900,2,/image/奶粉/蒙牛/奶粉/白金佳智听2段.jpg
蒙牛,牛奶,白金佳智听,900,3,/image/奶粉/蒙牛/奶粉/白金佳智听3段.jpg
蒙牛,牛奶,金装佳智盒,400,1,/image/奶粉/蒙牛/奶粉/金装佳智盒1段.jpg
蒙牛,牛奶,金装佳智盒,400,2,/image/奶粉/蒙牛/奶粉/金装佳智盒2段.jpg
蒙牛,牛奶,金装佳智盒,400,3,/image/奶粉/蒙牛/奶粉/金装佳智盒3段.jpg
蒙牛,牛奶,金装佳智盒,400,4,/image/奶粉/蒙牛/奶粉/金装佳智盒4段.jpg
蒙牛,牛奶,金装佳智听,900,1,/image/奶粉/蒙牛/奶粉/金装佳智听1段.jpg
蒙牛,牛奶,金装佳智听,900,2,/image/奶粉/蒙牛/奶粉/金装佳智听2段.jpg
蒙牛,牛奶,金装佳智听,900,3,/image/奶粉/蒙牛/奶粉/金装佳智听3段.jpg
蒙牛,牛奶,金装佳智听,900,4,/image/奶粉/蒙牛/奶粉/金装佳智听4段.jpg
蒙牛,牛奶,学生高钙听,900,,/image/奶粉/蒙牛/奶粉/学生高钙听.jpg
蒙牛,牛奶,中老年高钙听,900,,/image/奶粉/蒙牛/奶粉/中老年高钙听.jpg
蒙牛,牛奶,中老年袋,400,,/image/奶粉/蒙牛/奶粉/中老年袋.jpg
蒙牛,牛奶,女士高钙袋,400,,/image/奶粉/蒙牛/奶粉/女士高钙袋.jpg
高培,牛奶,迪维恩全新特惠3联装,1200,1,/image/奶粉/高培/奶粉/1.jpg
高培,牛奶,迪维恩全新特惠3联装,1200,2,/image/奶粉/高培/奶粉/2.jpg
高培,牛奶,迪维恩全新特惠3联装,1200,3,/image/奶粉/高培/奶粉/3.jpg
高培,牛奶,360盒,200,1,/image/奶粉/高培/奶粉/360盒1段.jpg
高培,牛奶,360盒,200,2,/image/奶粉/高培/奶粉/360盒2段.jpg
高培,牛奶,360盒,200,3,/image/奶粉/高培/奶粉/360盒3段.jpg
高培,牛奶,360听,800,1,/image/奶粉/高培/奶粉/360听1段.jpg
高培,牛奶,360听,800,2,/image/奶粉/高培/奶粉/360听2段.jpg
高培,牛奶,360听,800,3,/image/奶粉/高培/奶粉/360听3段.jpg
高培,牛奶,迪维恩盒,400,1,/image/奶粉/高培/奶粉/盒1段.jpg
高培,牛奶,迪维恩盒,400,2,/image/奶粉/高培/奶粉/盒2段.jpg
高培,牛奶,迪维恩盒,400,3,/image/奶粉/高培/奶粉/盒3段.jpg
高培,牛奶,迪维恩厅,900,1,/image/奶粉/高培/奶粉/进口听1段.jpg
高培,牛奶,迪维恩厅,900,2,/image/奶粉/高培/奶粉/进口听2段.jpg
高培,牛奶,迪维恩厅,900,3,/image/奶粉/高培/奶粉/进口听3段.jpg
高培,牛奶,迪维恩厅,900,4,/image/奶粉/高培/奶粉/进口听4段.jpg
高培,牛奶,迪维恩原装进口厅,900,1,/image/奶粉/高培/奶粉/原装进口听1段.jpg
高培,牛奶,迪维恩原装进口厅,900,2,/image/奶粉/高培/奶粉/原装进口听2段.jpg
高培,牛奶,迪维恩原装进口厅,900,3,/image/奶粉/高培/奶粉/原装进口听3段.jpg
龙丹,牛奶,中老年高钙袋,400,,/image/奶粉/龙丹/中老年高钙袋.jpg
龙丹,牛奶,多维高钙袋,400,,/image/奶粉/龙丹/多维高钙袋.jpg
龙丹,牛奶,学生高钙袋,400,,/image/奶粉/龙丹/学生高钙袋.jpg
龙丹,牛奶,多维高钙听,900,,/image/奶粉/龙丹/多维高钙.jpg
龙丹,牛奶,学生高钙听,900,,/image/奶粉/龙丹/学生高钙听.jpg
龙丹,牛奶,乳宝听,900,1,/image/奶粉/龙丹/乳宝听1段.jpg
龙丹,牛奶,乳宝听,900,2,/image/奶粉/龙丹/乳宝听2段.jpg
龙丹,牛奶,乳宝听,900,3,/image/奶粉/龙丹/乳宝听3段.jpg
龙丹,牛奶,乳宝袋,400,1,/image/奶粉/龙丹/乳宝袋1段.jpg
龙丹,牛奶,乳宝袋,400,2,/image/奶粉/龙丹/乳宝袋2段.jpg
龙丹,牛奶,乳宝袋,400,3,/image/奶粉/龙丹/乳宝袋3段.jpg
龙丹,牛奶,冠怡听,900,1,/image/奶粉/龙丹/冠怡听1段.jpg
龙丹,牛奶,冠怡听,900,2,/image/奶粉/龙丹/冠怡听2段.jpg
龙丹,牛奶,冠怡听,900,3,/image/奶粉/龙丹/冠怡听3段.jpg
龙丹,牛奶,冠怡袋,400,1,/image/奶粉/龙丹/冠怡袋1段.jpg
龙丹,牛奶,冠怡袋,400,2,/image/奶粉/龙丹/冠怡袋2段.jpg
龙丹,牛奶,冠怡袋,400,3,/image/奶粉/龙丹/冠怡袋3段.jpg
龙丹,牛奶,慧婴宝听,400,1,/image/奶粉/龙丹/慧婴宝听1段.jpg
龙丹,牛奶,慧婴宝听,900,2,/image/奶粉/龙丹/慧婴宝听2段.jpg
龙丹,牛奶,慧婴宝听,900,3,/image/奶粉/龙丹/慧婴宝听3段.jpg
龙丹,牛奶,慧婴宝袋,400,1,/image/奶粉/龙丹/慧婴宝袋1段.jpg
龙丹,牛奶,慧婴宝袋,400,2,/image/奶粉/龙丹/慧婴宝袋2段.jpg
龙丹,牛奶,慧婴宝袋,400,3,/image/奶粉/龙丹/慧婴宝袋3段.jpg
龙丹,牛奶,益生宝听,400,1,/image/奶粉/龙丹/益生宝听1段.jpg
龙丹,牛奶,益生宝听,900,2,/image/奶粉/龙丹/益生宝听2段.jpg
龙丹,牛奶,益生宝听,900,3,/image/奶粉/龙丹/益生宝听3段.jpg
龙丹,牛奶,益生宝袋,400,1,/image/奶粉/龙丹/益生宝袋1段.jpg
龙丹,牛奶,益生宝袋,400,2,/image/奶粉/龙丹/益生宝袋2段.jpg
龙丹,牛奶,益生宝袋,400,3,/image/奶粉/龙丹/益生宝袋3段.jpg
瑞氏,牛奶,3+2听,800,1,/image/奶粉/瑞氏/白听1段.jpg
瑞氏,牛奶,3+2听,800,2,/image/奶粉/瑞氏/白听2段.jpg
瑞氏,牛奶,3+2听,800,3,/image/奶粉/瑞氏/白听3段.jpg
瑞氏,牛奶,3a听,800,1,/image/奶粉/瑞氏/听1段.jpg
瑞氏,牛奶,3a听,800,2,/image/奶粉/瑞氏/听2段.jpg
瑞氏,牛奶,3a听,800,3,/image/奶粉/瑞氏/听3段.jpg
美纳多,牛奶,妈妈奶,800,,/image/奶粉/美纳多/听妈妈.jpg
美纳多,牛奶,听,800,1,/image/奶粉/美纳多/听1段.jpg
美纳多,牛奶,听,800,2,/image/奶粉/美纳多/听2段.jpg
美纳多,牛奶,听,800,3,/image/奶粉/美纳多/听3段.jpg
